node_id,lat,lon,demand
depot,12.9823684,77.639401,0
n1,12.9710656,77.6499908,17
n2,12.9726712,77.6460029,14
n3,12.9786208,77.6465855,11
n4,12.9719545,77.6490967,30
n5,12.9823263,77.6386724,5
n6,12.9720474,77.6423486,7
n7,12.97269,77.6469399,10
n8,12.9815694,77.6444451,30
n9,12.980756,77.6396502,22
n10,12.9712443,77.6463775,27
n11,12.9809746,77.64607,10
n12,12.9804576,77.6470606,23
n13,12.9812344,77.6444965,14
n14,12.9708996,77.6499794,17
n15,12.9791266,77.6422284,5
n16,12.981039,77.6454728,21
n17,12.9799875,77.6411705,26
n18,12.9709508,77.6467956,22
n19,12.975663,77.6416813,9
n20,12.9716822,77.6463023,18
n21,12.9816132,77.6400865,11
n22,12.9710687,77.6484126,30
n23,12.9766464,77.6416448,27
n24,12.981751,77.645133,9
n25,12.9708605,77.6432713,18
n26,12.9823534,77.6391413,29
n27,12.9699835,77.6501268,27
n28,12.9821214,77.6458239,23
n29,12.9822707,77.6447342,21
n30,12.9811409,77.6468065,6
